start_date,end_date,covariate,value,evidence_class,temporal_scope,source_path,source_page,note,evidence_id,daily_start_date,daily_end_date,daily_values,daily_review
1969-01-01,1975-12-31,net_configuration,southern_dawn_nets_6_to_10,historical_synthesis,period,data/02_reference/publications/pdfs/149917_394216_1_SM.pdf,PDF pp. 4–5,Generally 6–10 dawn nets south of the lodge; not a daily effort record.,OH001,,,,context_only
1969-01-01,1975-12-31,light_configuration,three_north_facing_1_kw_lights,contemporary_publication,reported_period,data/02_reference/publications/pdfs/Pearson_Backhurst___1976___The_Southward_Migration_of_Palaearctic_Birds_Over_Ngulia_Kenya.pdf,PDF p. 1,Contemporary account describes three 1 kW north-facing lodge lights; retain alongside the later retrospective 1.5 kW description rather than harmonising wattages.,OH002,,,,context_only
1971-11-01,1973-01-31,net_configuration,dawn_mist_nets_70_to_150_m_southwest_and_south,contemporary_publication,period,data/02_reference/publications/pdfs/Pearson_Backhurst___1976___The_Southward_Migration_of_Palaearctic_Birds_Over_Ngulia_Kenya.pdf,PDF p. 2,Regular morning mist-netting used 70–150 m in low cover southwest and sparse scrub south of the lodge; nets were erected before dawn and dismantled after operations because of large game.,OH003,,,,context_only
1976-01-01,1983-12-31,net_configuration,night_nets_1_to_3_added,historical_synthesis,period,data/02_reference/publications/pdfs/149917_394216_1_SM.pdf,PDF pp. 4–5,Night nets were added below the floodlights; the decoded site field contains an unresolved 1974 discrepancy.,OH004,,,,context_only
1982-10-21,1982-12-21,light_reliability,north_facing_lights_reduced_or_faulty,contemporary_publication,reported_session,data/02_reference/publications/pdfs/Backhurst_Pearson___1983___Ringing_and_Migration_at_Ngulia_Tsavo_October_to_December_1982.pdf,PDF p. 1,"The number and wattage of north-facing lights were often reduced to save electricity and because of breakdowns; this was reported to reduce attraction. Dates identify the covered 1982 session, not individual affected nights.",OH005,,,,context_only
1983-11-03,1983-12-11,session_capacity,night_netting_possible_on_7_of_14_manned_nights,contemporary_publication,reported_session,data/02_reference/publications/pdfs/Backhurst_Pearson___1984___Ringing_and_migration_at_ngulia_tsavo_autumn_1983.pdf,PDF p. 1,Night netting was possible on only seven nights during the reported session; suitable conditions rather than a fixed nightly schedule determined operation.,OH006,,,,context_only
1984-01-01,1984-12-31,light_configuration,weaker_500_w_lamps,historical_synthesis,period,data/02_reference/publications/pdfs/149917_394216_1_SM.pdf,PDF p. 5,Fewer birds were reported attracted after replacement of the main lamps.,OH007,,,,context_only
1984-10-26,1984-12-22,session_capacity,catching_attempted_on_18_of_25_manned_nights,contemporary_publication,reported_session,data/02_reference/publications/pdfs/Backhurst_Kelsey_Pearson___1986___Ringing_and_migration_at_Ngulia_Tsavo_autumn_1984.pdf,PDF p. 1,Twenty-five nights were spent at the lodge and suitable weather allowed catching attempts on 18; this is coverage evidence rather than a daily operation record.,OH008,,,,context_only
1985-01-01,1987-12-31,light_configuration,mobile_1_kw_lamp_added,historical_synthesis,period,data/02_reference/publications/pdfs/149917_394216_1_SM.pdf,PDF p. 5,Broad configuration period; nightly availability is unknown.,OH009,,,,context_only
1985-11-15,1985-12-19,session_capacity,catching_possible_on_15_of_19_manned_nights,contemporary_publication,reported_session,data/02_reference/publications/pdfs/Backhurst_Pearson___1987___Ringing_and_migration_at_Ngulia_Tsavo_autumn_1985.pdf,PDF p. 1,Ringers spent 19 nights at Ngulia and catching was possible on all but four; dates represent the reported coverage interval rather than consecutive nightly deployment.,OH010,,,,context_only
1985-12-01,1985-12-31,light_configuration,project_1_kw_light_erected_north_of_lodge,contemporary_publication,reported_period,data/02_reference/publications/pdfs/Backhurst_Pearson___1987___Ringing_and_migration_at_Ngulia_Tsavo_autumn_1985.pdf,PDF p. 1,The team erected its own 1 kW light north of the lodge during the early-December period to compensate for reduced or failed lodge lights; exact installation and removal dates are not reported.,OH011,,,,context_only
1986-11-01,1986-12-11,session_capacity,ringing_on_23_of_27_manned_dates,contemporary_publication,reported_session,data/02_reference/publications/pdfs/Backhurst_Pearson___1988___Ringing_and_migration_at_Ngulia_Tsavo_autumn_1986.pdf,PDF p. 1,Twenty-seven nights in two periods were spent at Ngulia and birds were caught and ringed on 23 dates; this is not a complete daily effort calendar.,OH012,,,,context_only
1986-12-06,1986-12-07,net_interruption,torrential_rain_severely_curtailed_netting,contemporary_publication,date_range,data/02_reference/publications/pdfs/Backhurst_Pearson___1988___Ringing_and_migration_at_Ngulia_Tsavo_autumn_1986.pdf,PDF pp. 1–2,Torrential rain on the night of 6/7 December and throughout 7 December severely curtailed netting; retain the two-date interval because the source reports an overnight event. The combined overnight/day event is assigned once to ringing date 7 December for daily use.,OH013,1986-12-07,1986-12-07,net_interruption_observed=1;rain_observed=heavy_rain,reviewed_morning_date
1987-10-29,1987-12-20,session_capacity,23_days_of_coverage_with_frequent_absent_mist,contemporary_publication,reported_session,data/02_reference/publications/pdfs/Backhurst_Pearson___1989___Ringing_and_migration_at_Ngulia_Tsavo_autumn_1987.pdf,PDF p. 1,Visits covered 23 days and most nights did not develop mist at lodge level; the low catch should not be interpreted as a fixed reduction in effort.,OH014,,,,context_only
1987-11-25,1987-11-25,net_configuration,27_m_night_net_erected,contemporary_publication,event_date,data/02_reference/publications/pdfs/Backhurst_Pearson___1989___Ringing_and_migration_at_Ngulia_Tsavo_autumn_1987.pdf,PDF p. 1,The report specifies 27 m of night net erected after mist descended at 01:30; it is an event-specific configuration observation.,OH015,1987-11-25,1987-11-25,night_net_operation=1;mist_observation=present_unspecified,reviewed_date
1988-01-01,1988-12-31,session_capacity,no_november_netting_due_to_clear_conditions,contemporary_publication,reported_period,data/02_reference/publications/pdfs/Backhurst_Pearson___1990___Ringing_and_migration_at_Ngulia_Tsavo_autumn_1988.pdf,PDF p. 1,November small-moon visits had clear nights and no netting; exact November dates are not given and this row must not be joined as daily data.,OH016,,,,context_only
1988-01-01,1994-12-31,light_configuration,two_lodge_lamps_upgraded_to_1_kw,historical_synthesis,period,data/02_reference/publications/pdfs/149917_394216_1_SM.pdf,PDF p. 5,Broad configuration period; nightly availability is unknown.,OH017,,,,context_only
1990-11-14,1990-12-23,session_capacity,26_manned_nights_with_three_18_m_nets_almost_every_night,contemporary_publication,reported_session,data/02_reference/publications/pdfs/Backhurst_Pearson___1992___Ringing_and_migration_at_Ngulia_Tsavo_autumn_1990.pdf,PDF p. 1,The two small-moon coverage periods were 14–28 November and 11–23 December; 25 participants allowed three 18 m mist-nets almost every night. The enclosing interval is contextual and not a continuous deployment record.,OH018,,,,context_only
1991-11-05,1991-12-17,session_capacity,30_days_of_cover_in_two_new_moon_sessions,contemporary_publication,reported_session,data/02_reference/publications/pdfs/Backhurst_Pearson___1993___Ringing_and_migration_at_Ngulia_Tsavo_autumn_1991.pdf,PDF p. 1,The season comprised two sessions (5–16 November and 30 November–17 December) and 30 days of coverage; intermediate dates must not be assumed to have been manned.,OH019,,,,context_only
1993-01-01,1996-12-31,net_configuration,dawn_nets_moved_north,historical_synthesis,transition,data/02_reference/publications/pdfs/149917_394216_1_SM.pdf,PDF pp. 1 and 8,"The synthesis describes a 1994 move to northern/front bush, routine in 1995; its map labels the old southern area 1972–1994. DJP B refers to back bush, not the later northern back line. Retain transition uncertainty; daily F records identify actual northern use.",OH020,,,,context_only
1996-01-01,1996-12-31,net_configuration,northern_back_line_added,historical_synthesis,period,data/02_reference/publications/pdfs/149917_394216_1_SM.pdf,PDF p. 8,"The third northern net line was extended by five nets, bringing the ENTIRE northern arrangement to 270 m (not the back line alone). It could be omitted when staffing or catch volume constrained operations. This is not the DJP B/back-bush site code.",OH021,,,,context_only
1995-01-01,2012-12-31,light_configuration,second_mobile_1_kw_lamp,historical_synthesis,period,data/02_reference/publications/pdfs/149917_394216_1_SM.pdf,PDF p. 5,Reference configuration only; individual nightly availability is unknown.,OH022,,,,context_only
1998-01-01,1998-12-31,light_reliability,lodge_lights_often_failed,annual_report,reported_period,data/02_reference/reports/1998.pdf,PDF p. 2,Two project 1 kW lights were used each night while lodge lights suffered frequent breakdowns.,OH023,,,,context_only
2003-12-23,2003-12-23,net_interruption,rain_closed_day_nets_at_09_00,field_weather_note,event_date,"data/01_raw/external/ngulia_management_analysis/03 Data/02 Weather and metadata/weather 2nd sess, 03.txt",Diary entry 23 December,Three night nets operated from 00:20 to 05:20; the L and mid-line dawn nets opened at 05:50 and 06:15 and were closed by rain at 09:00.,OH024,2003-12-23,2003-12-23,net_interruption_observed=1;night_net_operation=1;dawn_net_operation=1;night_net_count=3,reviewed_date
2010-01-01,2010-12-31,light_reliability,one_project_lamp_unusable,annual_report,reported_period,data/02_reference/reports/2010.pdf,PDF p. 1,Temporary lodge lights were substituted; exact affected dates are not reported.,OH025,,,,context_only
2011-01-01,2011-12-31,vegetation_state,front_bush_alarmingly_thin,annual_report,reported_state,data/02_reference/reports/2011 report_unlocked.pdf,PDF p. 1,Report-based habitat condition rather than a measured cover estimate.,OH026,,,,context_only
2012-01-01,2012-12-31,vegetation_state,reduced_dawn_catching_potential,annual_report,reported_state,data/02_reference/reports/2012 report final_unlocked.pdf,PDF p. 2,The report explicitly links elephant thinning to reduced dawn-catching potential.,OH027,,,,context_only
2012-12-16,2012-12-16,light_interruption,all_floodlight_failure,annual_report,event_date,data/02_reference/reports/2012 report final_unlocked.pdf,PDF p. 2,The report dates the all-floodlight electrical failure to the night of 16 December.,OH028,2012-12-16,2012-12-16,light_interruption_observed=1;mist_observation=none,reviewed_date
2013-01-01,2013-12-31,vegetation_state,approximately_20_percent_thicket_remaining,annual_report,reported_state,data/02_reference/reports/2013 report.pdf,PDF p. 3,Report estimate; not mapped vegetation cover.,OH029,,,,context_only
2013-11-25,2013-11-25,light_configuration,one_working_floodlight_initial_setup,annual_report,event_date,data/02_reference/reports/2013 report.pdf,PDF p. 1,On the first night of the reported session only one working floodlight had been set up. Source night begins on arrival 25 November; applies to ringing morning 26 November.,OH030,2013-11-26,2013-11-26,lights_working_count=1;night_net_operation=1;mist_observation=light_patchy,reviewed_morning_date
2013-11-26,2013-11-26,light_configuration,three_floodlights_3_5_kw_assembled,annual_report,event_date,data/02_reference/reports/2013 report.pdf,PDF p. 1,"The next day three floodlights were assembled using new cables: 1.5 kW, 1 kW and 1 kW. This is a setup event, not proof of uninterrupted availability thereafter.",OH031,2013-11-26,2013-11-26,,dated_context_only
2013-01-01,2013-12-31,light_reliability,circuit_and_cable_failures,annual_report,reported_period,data/02_reference/reports/2013 report.pdf,PDF p. 1,One main lodge circuit failed and cable connections were rearranged; exact dates need extraction before daily use.,OH032,,,,context_only
2013-01-01,2013-12-31,light_configuration,three_lamp_3_5_kw_reference,annual_report,reported_period,data/02_reference/reports/2013 report.pdf,PDF p. 1,Three floodlights assembled using new cables; two new lamps were 1.5 and 1 kW.,OH033,,,,context_only
2014-01-01,2014-12-31,light_configuration,three_lamp_3_5_kw_reference,annual_report,reported_period,data/02_reference/reports/2014 report.pdf,PDF p. 1,Three working lamps were documented as 2 x 1 kW and 1 x 1.5 kW.,OH034,,,,context_only
2015-01-01,2015-12-31,light_configuration,three_lamp_3_5_kw_reference,annual_report,reported_period,data/02_reference/reports/2015 report.pdf,PDF p. 1,The project depended mainly on three halogen lamps providing 3.5 kW in total.,OH035,,,,context_only
2014-01-01,2014-12-31,vegetation_state,open_grass_and_early_net_closure,annual_report,reported_state,data/02_reference/reports/2014 report.pdf,PDF pp. 1–2,Report directly links vegetation loss and sparse cover to lower daytime catch potential.,OH036,,,,context_only
2015-12-06,2015-12-20,session_capacity,small_team_short_december_session,annual_report,reported_session,data/02_reference/reports/2015 report.pdf,PDF p. 1,Availability and planning delays restricted the project to one December session; the lodge was manned 6–20 December and daily team size is not recorded.,OH037,,,,context_only
2015-01-01,2015-12-31,playback,targeted_song_lures_reported,annual_report,reported_period,data/02_reference/reports/2015 report.pdf,PDF p. 1,Textual evidence includes night and hirundine lures; dates species and timing require event-level extraction.,OH038,,,,context_only
2016-01-01,2016-12-31,playback,targeted_song_lures_reported,annual_report,reported_period,"data/02_reference/reports/2016 Report, corrected.pdf",PDF p. 1,Textual evidence includes taped Sprosser and Marsh Warbler songs; exact dates can be extracted in a later event-level pass.,OH039,,,,context_only
2016-11-25,2016-11-25,playback,marsh_and_sprosser_song_from_02_00,field_diary,event_date,data/01_raw/external/ngulia_djp/From DJP 2017/THANKS 2016/Ngulia diary 2016.docx,Diary entry 25 November,The diary records Marsh and Sprosser tapes on from 02:00; use is explicit but the preceding-night date convention should be retained in any daily join.,OH040,2016-11-25,2016-11-25,playback_nocturnal_observed=1;dawn_net_operation=1,reviewed_date
2016-11-28,2016-11-28,net_configuration,two_night_nets_operated_until_04_15,field_diary,event_date,data/01_raw/external/ngulia_djp/From DJP 2017/THANKS 2016/Ngulia diary 2016.docx,Diary entry 28 November,Mist lowered at 01:30; the second night net was erected at 02:00 and both night nets closed at 04:15.,OH041,2016-11-28,2016-11-28,night_net_count=2;night_net_operation=1;dawn_net_operation=1;mist_observation=present_unspecified,reviewed_date
2016-11-29,2016-11-29,net_interruption,rain_repeatedly_interrupted_night_netting,field_diary,event_date,data/01_raw/external/ngulia_djp/From DJP 2017/THANKS 2016/Ngulia diary 2016.docx,Diary entry 29 November,Night nets were closed at 23:45 and 01:00 because of heavy rain and reopened at 00:15 and 01:20 before final closure at 03:20.,OH042,2016-11-29,2016-11-29,net_interruption_observed=1;night_net_operation=1;rain_observed=heavy_rain;mist_observation=present_unspecified,reviewed_date
2016-11-29,2016-11-29,session_capacity,large_dawn_catch_closed_nets_at_09_00,field_diary,event_date,data/01_raw/external/ngulia_djp/From DJP 2017/THANKS 2016/Ngulia diary 2016.docx,Diary entry 29 November,The L and Niko nets closed at 09:00 because of team size and the number of birds; six to eight nets reopened from 11:00.,OH043,2016-11-29,2016-11-29,capacity_interruption_observed=1;dawn_net_operation=1,reviewed_date
2016-11-30,2016-11-30,session_capacity,small_team_curtailed_night_and_dawn_netting,field_diary,event_date,data/01_raw/external/ngulia_djp/From DJP 2017/THANKS 2016/Ngulia diary 2016.docx,Diary entry 30 November,Two night nets were furled at 02:30 because of small team size and catch volume; dawn L and Niko nets closed at 07:30.,OH044,2016-11-30,2016-11-30,capacity_interruption_observed=1;night_net_operation=1;dawn_net_operation=1;night_net_count=2;mist_observation=present_unspecified,reviewed_date
2016-12-01,2016-12-01,net_interruption,rain_prevented_night_net_reopening,field_diary,event_date,data/01_raw/external/ngulia_djp/From DJP 2017/THANKS 2016/Ngulia diary 2016.docx,Diary entry 1 December,A strong westerly wind and persistent rain followed a brief net reopening; night nets were not reopened again and were taken down before dawn.,OH045,2016-12-01,2016-12-01,net_interruption_observed=1;rain_observed=rain_unspecified;night_net_operation=1;dawn_net_operation=1;mist_observation=present_unspecified,reviewed_date
2016-12-03,2016-12-03,net_interruption,rain_interrupted_night_and_swallow_netting,field_diary,event_date,data/01_raw/external/ngulia_djp/From DJP 2017/THANKS 2016/Ngulia diary 2016.docx,Diary entry 3 December,Heavy rain closed night nets at 00:30 before reopening at 01:00; heavy rain also curtailed swallow-net ringing at 10:20.,OH046,2016-12-03,2016-12-03,net_interruption_observed=1;rain_observed=heavy_rain;night_net_operation=1;dawn_net_operation=1;mist_observation=present_unspecified,reviewed_date
2016-12-04,2016-12-04,net_interruption,rain_interrupted_night_netting,field_diary,event_date,data/01_raw/external/ngulia_djp/From DJP 2017/THANKS 2016/Ngulia diary 2016.docx,Diary entry 4 December,Heavy rain closed night nets at 00:30; they reopened at 01:00 and closed at 03:00 after catching slowed.,OH047,2016-12-04,2016-12-04,net_interruption_observed=1;rain_observed=heavy_rain;night_net_operation=1,reviewed_date
2016-12-06,2016-12-06,session_capacity,bush_nets_taken_down_before_final_night,field_diary,event_date,data/01_raw/external/ngulia_djp/From DJP 2017/THANKS 2016/Ngulia diary 2016.docx,Diary entry 6 December,Day nets were taken down after the morning operation; the remaining party used one night net on 7 December.,OH048,2016-12-06,2016-12-06,dawn_net_operation=1;night_net_operation=1;mist_observation=present_unspecified,reviewed_date
2017-01-01,2017-12-31,vegetation_state,partial_regrowth,annual_report,reported_state,data/02_reference/reports/2017 Ngulia RG Autumn 2017 Report.pdf,PDF pp. 1 and 6,No further elephant damage and slow regrowth were reported.,OH049,,,,context_only
2017-01-01,2017-12-31,light_configuration,floodlights_refitted_with_new_bulbs,annual_report,reported_period,data/02_reference/reports/2017 Ngulia RG Autumn 2017 Report.pdf,PDF p. 1,Floodlights were prepared for the session with new bulbs fitted; fixture model spectrum output and nightly availability remain unreported.,OH050,,,,context_only
2018-01-01,2018-12-31,vegetation_state,regenerated_well,annual_report,reported_state,data/02_reference/reports/2018 Ngulia RG Autumn 2018 Report_unlocked.pdf,PDF p. 7,The northern netting bush was reported to have regenerated well.,OH051,,,,context_only
2019-01-01,2019-12-31,vegetation_state,grass_herb_and_small_bush_regeneration,annual_report,reported_state,data/02_reference/reports/2019 Ngulia RG Autumn 2019 Report.pdf,PDF p. 4,Rains supported grass and herb cover plus regeneration of smaller bushes.,OH052,,,,context_only
2020-01-01,2020-12-31,vegetation_state,tall_trees_reduced,annual_report,reported_state,data/02_reference/reports/2020 Ngulia RG Autumn 2020 Report.pdf,PDF p. 2,The report describes opening of formerly thick bush and flattening of tall trees by elephants.,OH053,,,,context_only
2021-12-01,2021-12-10,session_capacity,covid_financially_limited_ten_day_session,annual_report,reported_session,data/02_reference/reports/2021 Ngulia Thanks.pdf,PDF p. 1,"Financial restrictions associated with COVID limited the operation to a ten-day visit, reported as the shortest session since 1969.",OH054,,,,context_only
2023-12-08,2023-12-08,light_interruption,generator_delayed_nets_until_after_midnight,annual_report,event_date,data/02_reference/reports/2023 Ngulia Report.pdf,PDF p. 2,Electricity was restored after midnight before night nets opened.,OH055,2023-12-08,2023-12-08,light_interruption_observed=1;night_net_operation=1;dawn_net_operation=1;mist_observation=present_unspecified,reviewed_date
2023-12-09,2023-12-09,light_interruption,generator_delayed_nets_until_00_45,annual_report,event_date,data/02_reference/reports/2023 Ngulia Report.pdf,PDF p. 2,Night nets opened at 00:45 because of generator problems.,OH056,2023-12-09,2023-12-09,light_interruption_observed=1;night_net_operation=1;dawn_net_operation=1;mist_observation=present_unspecified,reviewed_date
2023-12-10,2023-12-10,light_interruption,generator_delayed_nets_until_02_00,annual_report,event_date,data/02_reference/reports/2023 Ngulia Report.pdf,PDF pp. 2–3,Night nets opened at 02:00 because of the continuing generator problem; rain later curtailed dawn activity.,OH057,2023-12-10,2023-12-10,light_interruption_observed=1;net_interruption_observed=1;night_net_operation=1;dawn_net_operation=1;mist_observation=present_unspecified,reviewed_date
2024-01-01,2024-12-31,vegetation_state,functional_recovery_observed,annual_report,reported_state,data/02_reference/reports/2024 Ngulia Thanks_KWS.pdf,PDF p. 3,Report describes improved ability of habitat to hold migrants.,OH058,,,,context_only
2024-11-24,2024-11-24,net_interruption,night_nets_delayed_and_day_nets_restricted,annual_report,event_date,data/02_reference/reports/2024 Ngulia Thanks_KWS.pdf,PDF p. 1,Hotel guests prevented night nets opening until after midnight; only half the bush nets were initially available and rain closed the remaining nets from 09:00.,OH059,2024-11-24,2024-11-24,net_interruption_observed=1;night_net_operation=1;dawn_net_operation=1;mist_observation=present_unspecified;rain_observed=rain_unspecified,reviewed_date
2024-11-29,2024-11-29,net_interruption,leopard_delayed_and_curtailed_nets,annual_report,event_date,data/02_reference/reports/2024 Ngulia Thanks_KWS.pdf,PDF pp. 2–3,Night netting was curtailed at 02:25 partly because of a leopard near the nets and dawn bush-net opening was delayed by 30 minutes.,OH060,2024-11-29,2024-11-29,net_interruption_observed=1;night_net_operation=1;dawn_net_operation=1;mist_observation=present_unspecified,reviewed_date
2024-11-29,2024-11-29,net_interruption,quelea_forced_early_day_net_closure,annual_report,event_date,data/02_reference/reports/2024 Ngulia Thanks_KWS.pdf,PDF p. 3,Abundant Red-billed Queleas forced early closure of the nets at 10:30.,OH061,2024-11-29,2024-11-29,net_interruption_observed=1;dawn_net_operation=1,reviewed_date
2024-11-30,2024-11-30,net_interruption,rain_interrupted_night_netting,annual_report,event_date,data/02_reference/reports/2024 Ngulia Thanks_KWS.pdf,PDF p. 3,Night nets did not open until 03:00; rain forced closure after one hour and only another 45 minutes of netting was possible before dawn.,OH062,2024-11-30,2024-11-30,net_interruption_observed=1;rain_observed=rain_unspecified;night_net_operation=1;mist_observation=present_unspecified,reviewed_date
2024-12-03,2024-12-03,net_interruption,rain_prevented_night_net_opening,annual_report,event_date,data/02_reference/reports/2024 Ngulia Thanks_KWS.pdf,PDF p. 4,Overnight rain never became light enough for night nets to open; the sole night capture was by hand.,OH063,2024-12-03,2024-12-03,net_interruption_observed=1;night_net_operation=0;rain_observed=rain_unspecified,reviewed_date
2024-01-01,2024-12-31,playback,no_nocturnal_migrant_playback,annual_report,policy_period,data/02_reference/reports/2024 Ngulia Thanks_KWS.pdf,PDF p. 6,Policy statement for nocturnal migrants; targeted diurnal lures remain a distinct exposure.,OH064,,,,context_only
2013-11-27,2013-11-27,playback,night_playback_explicit_despite_blank_workbook,annual_report,event_date,data/02_reference/reports/2013 report.pdf,PDF p. 1,"The night after lamps were assembled on 26 November produced about 40 birds despite taped sound; about 140 at dawn identifies ringing date 27 November (workbook total 184). This overrides workbook blank-to-absence, without inferring speaker location.",OH065,2013-11-27,2013-11-27,playback_nocturnal_observed=1,reviewed_morning_date
2013-11-28,2013-11-28,playback,daytime_swallow_tapes_explicit,annual_report,event_date,data/02_reference/reports/2013 report.pdf,PDF p. 1,Report explicitly describes attempts to attract daytime swallows with tapes after the 27/28 November night.,OH066,2013-11-28,2013-11-28,playback_diurnal_observed=1,reviewed_morning_date
2013-11-29,2013-11-29,light_reliability,two_lamps_after_circuit_failure,annual_report,event_date,data/02_reference/reports/2013 report.pdf,PDF p. 1,Report dates circuit rearrangement to 29 November and states that two lamps were on during night netting; no assumption about duration of the outage.,OH067,2013-11-29,2013-11-29,light_interruption_observed=1;lights_working_count=2,reviewed_morning_date
2013-11-29,2013-11-29,playback,daytime_swallow_tapes_and_nets,annual_report,event_date,data/02_reference/reports/2013 report.pdf,PDF p. 1,138 Barn Swallows caught after attraction to taped sound. Confirms diurnal playback and swallow nets; do not infer nocturnal playback.,OH068,2013-11-29,2013-11-29,"playback_diurnal_observed=1;net_sites_observed=front_bush,outside_night_nets,swallow_nets",reviewed_morning_date
2013-11-30,2013-11-30,light_configuration,three_working_lamps_confirmed_overnight,annual_report,event_date,data/02_reference/reports/2013 report.pdf,PDF p. 1,"Four hours of night catching with all three lamps up and running; this is direct nightly evidence, unlike the earlier assembly event.",OH069,2013-11-30,2013-11-30,lights_working_count=3,reviewed_morning_date
2013-11-30,2013-11-30,playback,daytime_swallow_tapes_and_nets,annual_report,event_date,data/02_reference/reports/2013 report.pdf,PDF pp. 1–2,Swallows attracted again and over 300 ringed during the morning.,OH070,2013-11-30,2013-11-30,"playback_diurnal_observed=1;net_sites_observed=front_bush,outside_night_nets,swallow_nets",reviewed_morning_date
2013-12-13,2013-12-13,session_capacity,final_night_cancelled_clear_sky,annual_report,event_date,data/02_reference/reports/2013 report.pdf,PDF p. 2,Final night session thwarted by clear sky; bush nets had been dismantled the previous morning. Confirms workbook non-operation and its recorded zero.,OH071,2013-12-13,2013-12-13,night_net_operation=0;dawn_net_operation=0;mist_observation=none,reviewed_morning_date
2013-11-26,2013-11-26,weather_observation,moonless_window_m,field_weather_note,event_date,data/01_raw/external/ngulia_djp/From DJP 2017/DAILY AND ANNUAL SUMMARIES/Ngulia Weather Notes.doc,Entry 2013-11-25/2013-11-26,Daily-summary symbols explicitly refer to the moonless night window. Lowercase mist denotes patchy mist; uppercase/lowercase rain denote heavy rain/showers. The case-sensitive symbol is retained as a detailed mist state; rain remains a separate observation.,OH072,2013-11-26,2013-11-26,mist_observation=light_patchy;rain_observed=none,reviewed_morning_date
2013-11-27,2013-11-27,weather_observation,moonless_window_mR,field_weather_note,event_date,data/01_raw/external/ngulia_djp/From DJP 2017/DAILY AND ANNUAL SUMMARIES/Ngulia Weather Notes.doc,Entry 2013-11-26/2013-11-27,Daily-summary symbols explicitly refer to the moonless night window. Lowercase mist denotes patchy mist; uppercase/lowercase rain denote heavy rain/showers. The case-sensitive symbol is retained as a detailed mist state; rain remains a separate observation.,OH073,2013-11-27,2013-11-27,mist_observation=light_patchy;rain_observed=heavy_rain,reviewed_morning_date
2013-11-28,2013-11-28,weather_observation,moonless_window_lR,field_weather_note,event_date,data/01_raw/external/ngulia_djp/From DJP 2017/DAILY AND ANNUAL SUMMARIES/Ngulia Weather Notes.doc,Entry 2013-11-27/2013-11-28,Daily-summary symbols explicitly refer to the moonless night window. Lowercase mist denotes patchy mist; uppercase/lowercase rain denote heavy rain/showers. The case-sensitive symbol is retained as a detailed mist state; rain remains a separate observation.,OH074,2013-11-28,2013-11-28,mist_observation=none;rain_observed=heavy_rain,reviewed_morning_date
2013-11-29,2013-11-29,weather_observation,moonless_window_Mr,field_weather_note,event_date,data/01_raw/external/ngulia_djp/From DJP 2017/DAILY AND ANNUAL SUMMARIES/Ngulia Weather Notes.doc,Entry 2013-11-28/2013-11-29,Daily-summary symbols explicitly refer to the moonless night window. Lowercase mist denotes patchy mist; uppercase/lowercase rain denote heavy rain/showers. The case-sensitive symbol is retained as a detailed mist state; rain remains a separate observation.,OH075,2013-11-29,2013-11-29,mist_observation=good;rain_observed=showers,reviewed_morning_date
2013-11-30,2013-11-30,weather_observation,moonless_window_M,field_weather_note,event_date,data/01_raw/external/ngulia_djp/From DJP 2017/DAILY AND ANNUAL SUMMARIES/Ngulia Weather Notes.doc,Entry 2013-11-29/2013-11-30,Daily-summary symbols explicitly refer to the moonless night window. Lowercase mist denotes patchy mist; uppercase/lowercase rain denote heavy rain/showers. The case-sensitive symbol is retained as a detailed mist state; rain remains a separate observation.,OH076,2013-11-30,2013-11-30,mist_observation=good;rain_observed=none,reviewed_morning_date
2013-12-01,2013-12-01,weather_observation,moonless_window_M,field_weather_note,event_date,data/01_raw/external/ngulia_djp/From DJP 2017/DAILY AND ANNUAL SUMMARIES/Ngulia Weather Notes.doc,Entry 2013-11-30/2013-12-01,Daily-summary symbols explicitly refer to the moonless night window. Lowercase mist denotes patchy mist; uppercase/lowercase rain denote heavy rain/showers. The case-sensitive symbol is retained as a detailed mist state; rain remains a separate observation.,OH077,2013-12-01,2013-12-01,mist_observation=good;rain_observed=none,reviewed_morning_date
2013-12-02,2013-12-02,weather_observation,moonless_window_M,field_weather_note,event_date,data/01_raw/external/ngulia_djp/From DJP 2017/DAILY AND ANNUAL SUMMARIES/Ngulia Weather Notes.doc,Entry 2013-12-01/2013-12-02,Daily-summary symbols explicitly refer to the moonless night window. Lowercase mist denotes patchy mist; uppercase/lowercase rain denote heavy rain/showers. The case-sensitive symbol is retained as a detailed mist state; rain remains a separate observation.,OH078,2013-12-02,2013-12-02,mist_observation=good;rain_observed=none,reviewed_morning_date
2013-12-03,2013-12-03,weather_observation,moonless_window_l,field_weather_note,event_date,data/01_raw/external/ngulia_djp/From DJP 2017/DAILY AND ANNUAL SUMMARIES/Ngulia Weather Notes.doc,Entry 2013-12-02/2013-12-03,Daily-summary symbols explicitly refer to the moonless night window. Lowercase mist denotes patchy mist; uppercase/lowercase rain denote heavy rain/showers. The case-sensitive symbol is retained as a detailed mist state; rain remains a separate observation.,OH079,2013-12-03,2013-12-03,mist_observation=none;rain_observed=none,reviewed_morning_date
2013-12-04,2013-12-04,weather_observation,moonless_window_Mr,field_weather_note,event_date,data/01_raw/external/ngulia_djp/From DJP 2017/DAILY AND ANNUAL SUMMARIES/Ngulia Weather Notes.doc,Entry 2013-12-03/2013-12-04,Daily-summary symbols explicitly refer to the moonless night window. Lowercase mist denotes patchy mist; uppercase/lowercase rain denote heavy rain/showers. The case-sensitive symbol is retained as a detailed mist state; rain remains a separate observation.,OH080,2013-12-04,2013-12-04,mist_observation=good;rain_observed=showers,reviewed_morning_date
2013-12-05,2013-12-05,weather_observation,moonless_window_Mr,field_weather_note,event_date,data/01_raw/external/ngulia_djp/From DJP 2017/DAILY AND ANNUAL SUMMARIES/Ngulia Weather Notes.doc,Entry 2013-12-04/2013-12-05,Daily-summary symbols explicitly refer to the moonless night window. Lowercase mist denotes patchy mist; uppercase/lowercase rain denote heavy rain/showers. The case-sensitive symbol is retained as a detailed mist state; rain remains a separate observation.,OH081,2013-12-05,2013-12-05,mist_observation=good;rain_observed=showers,reviewed_morning_date
2013-12-06,2013-12-06,weather_observation,moonless_window_M,field_weather_note,event_date,data/01_raw/external/ngulia_djp/From DJP 2017/DAILY AND ANNUAL SUMMARIES/Ngulia Weather Notes.doc,Entry 2013-12-05/2013-12-06,Daily-summary symbols explicitly refer to the moonless night window. Lowercase mist denotes patchy mist; uppercase/lowercase rain denote heavy rain/showers. The case-sensitive symbol is retained as a detailed mist state; rain remains a separate observation.,OH082,2013-12-06,2013-12-06,mist_observation=good;rain_observed=none,reviewed_morning_date
2013-12-07,2013-12-07,weather_observation,moonless_window_mr,field_weather_note,event_date,data/01_raw/external/ngulia_djp/From DJP 2017/DAILY AND ANNUAL SUMMARIES/Ngulia Weather Notes.doc,Entry 2013-12-06/2013-12-07,Daily-summary symbols explicitly refer to the moonless night window. Lowercase mist denotes patchy mist; uppercase/lowercase rain denote heavy rain/showers. The case-sensitive symbol is retained as a detailed mist state; rain remains a separate observation.,OH083,2013-12-07,2013-12-07,mist_observation=light_patchy;rain_observed=showers,reviewed_morning_date
2013-12-08,2013-12-08,weather_observation,moonless_window_M,field_weather_note,event_date,data/01_raw/external/ngulia_djp/From DJP 2017/DAILY AND ANNUAL SUMMARIES/Ngulia Weather Notes.doc,Entry 2013-12-07/2013-12-08,Daily-summary symbols explicitly refer to the moonless night window. Lowercase mist denotes patchy mist; uppercase/lowercase rain denote heavy rain/showers. The case-sensitive symbol is retained as a detailed mist state; rain remains a separate observation.,OH084,2013-12-08,2013-12-08,mist_observation=good;rain_observed=none,reviewed_morning_date
2013-12-09,2013-12-09,weather_observation,moonless_window_c,field_weather_note,event_date,data/01_raw/external/ngulia_djp/From DJP 2017/DAILY AND ANNUAL SUMMARIES/Ngulia Weather Notes.doc,Entry 2013-12-08/2013-12-09,Daily-summary symbols explicitly refer to the moonless night window. Lowercase mist denotes patchy mist; uppercase/lowercase rain denote heavy rain/showers. The case-sensitive symbol is retained as a detailed mist state; rain remains a separate observation.,OH085,2013-12-09,2013-12-09,mist_observation=none;rain_observed=none,reviewed_morning_date
2013-12-10,2013-12-10,weather_observation,moonless_window_mr,field_weather_note,event_date,data/01_raw/external/ngulia_djp/From DJP 2017/DAILY AND ANNUAL SUMMARIES/Ngulia Weather Notes.doc,Entry 2013-12-09/2013-12-10,Daily-summary symbols explicitly refer to the moonless night window. Lowercase mist denotes patchy mist; uppercase/lowercase rain denote heavy rain/showers. The case-sensitive symbol is retained as a detailed mist state; rain remains a separate observation.,OH086,2013-12-10,2013-12-10,mist_observation=light_patchy;rain_observed=showers,reviewed_morning_date
2013-12-11,2013-12-11,weather_observation,moonless_window_c,field_weather_note,event_date,data/01_raw/external/ngulia_djp/From DJP 2017/DAILY AND ANNUAL SUMMARIES/Ngulia Weather Notes.doc,Entry 2013-12-10/2013-12-11,Daily-summary symbols explicitly refer to the moonless night window. Lowercase mist denotes patchy mist; uppercase/lowercase rain denote heavy rain/showers. The case-sensitive symbol is retained as a detailed mist state; rain remains a separate observation.,OH087,2013-12-11,2013-12-11,mist_observation=none;rain_observed=none,reviewed_morning_date
2013-12-12,2013-12-12,weather_observation,moonless_window_m,field_weather_note,event_date,data/01_raw/external/ngulia_djp/From DJP 2017/DAILY AND ANNUAL SUMMARIES/Ngulia Weather Notes.doc,Entry 2013-12-11/2013-12-12,Daily-summary symbols explicitly refer to the moonless night window. Lowercase mist denotes patchy mist; uppercase/lowercase rain denote heavy rain/showers. The case-sensitive symbol is retained as a detailed mist state; rain remains a separate observation.,OH088,2013-12-12,2013-12-12,mist_observation=light_patchy;rain_observed=none,reviewed_morning_date
2013-12-13,2013-12-13,weather_observation,moonless_window_o,field_weather_note,event_date,data/01_raw/external/ngulia_djp/From DJP 2017/DAILY AND ANNUAL SUMMARIES/Ngulia Weather Notes.doc,Entry 2013-12-12/2013-12-13,Daily-summary symbols explicitly refer to the moonless night window. Lowercase mist denotes patchy mist; uppercase/lowercase rain denote heavy rain/showers. The case-sensitive symbol is retained as a detailed mist state; rain remains a separate observation.,OH089,2013-12-13,2013-12-13,mist_observation=none;rain_observed=none,reviewed_morning_date
2014-11-29,2014-11-29,weather_observation,combined_mr_in_workbook,field_weather_note,event_date,data/01_raw/external/ngulia_djp/From DJP 2017/DAILY AND ANNUAL SUMMARIES/Ngulia Weather Notes.doc,Code legend and entries 6/7 and 9/10 December 2013,"The same author uses mr explicitly for patchy mist plus showers. Sheet1 BV1284 contains mr, BW1284 is blank on 29 November 2014; annual report p.1 corroborates mist and a 72+100 catch but is silent about local showers. Rain follows the original coded daily observation, not rain elsewhere in the report.",OH090,2014-11-29,2014-11-29,mist_observation=light_patchy;rain_observed=showers,reviewed_morning_date
2014-11-30,2014-11-30,playback,night_playback_explicit,annual_report,event_date,data/02_reference/reports/2014 report.pdf,PDF p. 1,Report explicitly states tapes playing in patches of mist on 30 November.,OH091,2014-11-30,2014-11-30,playback_nocturnal_observed=1;night_net_operation=1;mist_observation=light_patchy,reviewed_morning_date
2014-12-01,2014-12-01,playback,tapes_but_no_night_nets,annual_report,event_date,data/02_reference/reports/2014 report.pdf,PDF p. 1,"Low cloud but no mist; birds dropped to tapes from 02:00, night nets not set, bush operation produced 146.",OH092,2014-12-01,2014-12-01,playback_nocturnal_observed=1;night_net_operation=0;dawn_net_operation=1;mist_observation=none,reviewed_morning_date
2014-12-02,2014-12-02,net_interruption,overnight_downpours_prevented_netting,annual_report,event_date,data/02_reference/reports/2014 report.pdf,PDF pp. 1–2,"Rain on 1 December continued overnight after moonset, preventing night netting. Dawn break allowed bush catching until rain resumed at 07:00.",OH093,2014-12-02,2014-12-02,net_interruption_observed=1;night_net_operation=0;dawn_net_operation=1;rain_observed=heavy_rain;mist_observation=present_unspecified,reviewed_morning_date
2014-12-03,2014-12-03,session_capacity,final_night_cancelled_clear_sky,annual_report,event_date,data/02_reference/reports/2014 report.pdf,PDF p. 2,Bush nets dismantled after 2 December morning; clear final night prevented planned catch. Confirms non-operation; the workbook total cell is blank and remains a missing count.,OH094,2014-12-03,2014-12-03,night_net_operation=0;dawn_net_operation=0;mist_observation=none,reviewed_morning_date
2016-11-24,2016-11-24,daily_observation,diary_night_and_day_operations,field_diary,event_date,data/01_raw/external/ngulia_djp/From DJP 2017/THANKS 2016/Ngulia diary 2016.docx,Diary entry 2016-11-24,"No tapes used at night; swallow tape on at 08:00. Night-net wording is contradictory (no night nets but one net erected), so night operation left unknown.",OH095,2016-11-24,2016-11-24,playback_nocturnal_observed=0;playback_diurnal_observed=1;dawn_net_operation=1;mist_observation=none,reviewed_morning_date
2016-11-25,2016-11-25,daily_observation,diary_night_and_day_operations,field_diary,event_date,data/01_raw/external/ngulia_djp/From DJP 2017/THANKS 2016/Ngulia diary 2016.docx,Diary entry 2016-11-25,Previous entry explicitly says clear until dawn; night playback and dawn net use recorded separately.,OH096,2016-11-25,2016-11-25,mist_observation=none,reviewed_morning_date
2016-11-26,2016-11-26,daily_observation,diary_night_and_day_operations,field_diary,event_date,data/01_raw/external/ngulia_djp/From DJP 2017/THANKS 2016/Ngulia diary 2016.docx,Diary entry 2016-11-26,"Marsh/Sprosser tapes at 02:00, swallow tapes at 08:00; previous entry says clear until dawn.",OH097,2016-11-26,2016-11-26,playback_nocturnal_observed=1;playback_diurnal_observed=1;dawn_net_operation=1;mist_observation=none,reviewed_morning_date
2016-11-27,2016-11-27,daily_observation,diary_night_and_day_operations,field_diary,event_date,data/01_raw/external/ngulia_djp/From DJP 2017/THANKS 2016/Ngulia diary 2016.docx,Diary entry 2016-11-27,Tapes at 02:00 and daytime bee-eater lure; previous entry says clear all night. No extrapolation of night-net opening from erection alone.,OH098,2016-11-27,2016-11-27,playback_nocturnal_observed=1;playback_diurnal_observed=1;dawn_net_operation=1;mist_observation=none,reviewed_morning_date
2016-12-02,2016-12-02,daily_observation,diary_night_and_day_operations,field_diary,event_date,data/01_raw/external/ngulia_djp/From DJP 2017/THANKS 2016/Ngulia diary 2016.docx,Diary entry 2016-12-02,"Mist lowered at 23:00, two nets operated until 02:30; dawn nets opened at 05:45.",OH099,2016-12-02,2016-12-02,night_net_operation=1;night_net_count=2;dawn_net_operation=1;mist_observation=present_unspecified,reviewed_morning_date
2016-12-04,2016-12-04,daily_observation,diary_night_and_day_operations,field_diary,event_date,data/01_raw/external/ngulia_djp/From DJP 2017/THANKS 2016/Ngulia diary 2016.docx,Diary entry 2016-12-04,Mist lowered at midnight before netting; rain interruption retained in existing entry.,OH100,2016-12-04,2016-12-04,mist_observation=present_unspecified,reviewed_morning_date
2016-12-05,2016-12-05,daily_observation,diary_night_and_day_operations,field_diary,event_date,data/01_raw/external/ngulia_djp/From DJP 2017/THANKS 2016/Ngulia diary 2016.docx,Diary entry 2016-12-05,Night nets opened at 00:30 in brief mist; Marsh/Sprosser tapes at 02:00. Rain at 20:00 not assigned to the moonless window.,OH101,2016-12-05,2016-12-05,playback_nocturnal_observed=1;night_net_operation=1;dawn_net_operation=1;mist_observation=light_patchy,reviewed_morning_date
2016-12-07,2016-12-07,daily_observation,diary_night_and_day_operations,field_diary,event_date,data/01_raw/external/ngulia_djp/From DJP 2017/THANKS 2016/Ngulia diary 2016.docx,Diary entry 2016-12-07,One net operated 01:30–05:45 with a drizzle break; day nets removed on 6 December.,OH102,2016-12-07,2016-12-07,night_net_operation=1;night_net_count=1;dawn_net_operation=0;mist_observation=present_unspecified;rain_observed=showers;net_interruption_observed=1,reviewed_morning_date
2023-12-07,2023-12-07,daily_observation,no_mist_and_diurnal_lures,annual_report,event_date,data/02_reference/reports/2023 Ngulia Report.pdf,PDF p. 1,No mist overnight; dawn migrants and swallow catching; explicitly sound-lured bee-eater and red-rumped swallow.,OH103,2023-12-07,2023-12-07,mist_observation=none;dawn_net_operation=1;playback_diurnal_observed=1,reviewed_morning_date
2023-12-12,2023-12-12,daily_observation,patchy_mist_showers_and_netting,annual_report,event_date,data/02_reference/reports/2023 Ngulia Report.pdf,PDF p. 3,Mist from 01:20 dissipated by light showers; netting possible for rest of night and bush netting at dawn.,OH104,2023-12-12,2023-12-12,mist_observation=light_patchy;rain_observed=showers;night_net_operation=1;dawn_net_operation=1,reviewed_morning_date
2023-12-13,2023-12-13,daily_observation,night_and_day_catch_with_tree_pipit_lure,annual_report,event_date,data/02_reference/reports/2023 Ngulia Report.pdf,PDF p. 3,Mist early then intermittent; netting attempted from 23:30. Dawn catch includes seven sound-lured Tree Pipits.,OH105,2023-12-13,2023-12-13,mist_observation=light_patchy;night_net_operation=1;dawn_net_operation=1;playback_diurnal_observed=1,reviewed_morning_date
1974-11-12,1974-11-12,source_conflict,outside_night_net_code_before_reported_introduction,daily_summary_workbook,event_date,data/01_raw/daily_counts/djp_daily_and_annual_summaries_1969_2012.xlsx,Sheet1 row 93 / cell BX93,"The workbook records site code NB (outside night nets plus back bush), but the 1969-2012 synthesis states that night nets began in 1976. No contemporary 1974 source was found to resolve the discrepancy. Retain the source value and flag the conflict.",OH106,1974-11-12,1974-11-12,,dated_context_only
1974-11-14,1974-11-14,source_conflict,outside_night_net_code_before_reported_introduction,daily_summary_workbook,event_date,data/01_raw/daily_counts/djp_daily_and_annual_summaries_1969_2012.xlsx,Sheet1 row 95 / cell BX95,"The workbook records site code NB (outside night nets plus back bush), but the 1969-2012 synthesis states that night nets began in 1976. No contemporary 1974 source was found to resolve the discrepancy. Retain the source value and flag the conflict.",OH107,1974-11-14,1974-11-14,,dated_context_only
2011-11-20,2011-11-20,net_sites,processed_bird_records_front_bush,processed_ringing_workbook,event_date,data/01_raw/external/ngulia_djp/From DJP 2017/Processed birds 2011.xls,Sheet1 Place field,"The processed-bird workbook records Place=F on this positive-catch date. F is interpreted as front bush, consistent with the daily-summary site-code legend and the 2011 report's L/bush-net description. Only positive use is materialized; absent place codes are not treated as non-operation.",OH108,2011-11-20,2011-11-20,net_sites_observed=front_bush;dawn_net_operation=1,reviewed_date
2011-11-21,2011-11-25,net_sites,processed_bird_records_front_and_night_nets,processed_ringing_workbook,date_range,data/01_raw/external/ngulia_djp/From DJP 2017/Processed birds 2011.xls,Sheet1 Place field,"Each date has processed records with Place=F and Place=N. F is interpreted as front bush and N as outside night nets, consistent with the daily-summary site-code legend; the annual report independently describes night and bush netting over this interval. Only positive use is materialized.",OH109,2011-11-21,2011-11-25,"net_sites_observed=front_bush,outside_night_nets;night_net_operation=1;dawn_net_operation=1",reviewed_date
2011-11-26,2011-11-27,net_sites,processed_bird_records_front_bush,processed_ringing_workbook,date_range,data/01_raw/external/ngulia_djp/From DJP 2017/Processed birds 2011.xls,Sheet1 Place field,"Each date has processed records with Place=F. F is interpreted as front bush, consistent with the daily-summary site-code legend. Only positive use is materialized.",OH110,2011-11-26,2011-11-27,net_sites_observed=front_bush;dawn_net_operation=1,reviewed_date
2011-11-28,2011-11-29,net_sites,processed_bird_records_front_and_night_nets,processed_ringing_workbook,date_range,data/01_raw/external/ngulia_djp/From DJP 2017/Processed birds 2011.xls,Sheet1 Place field,"Each date has processed records with Place=F and Place=N. F is interpreted as front bush and N as outside night nets, consistent with the daily-summary site-code legend; the annual report independently describes night and bush netting on 28 November. Only positive use is materialized.",OH111,2011-11-28,2011-11-29,"net_sites_observed=front_bush,outside_night_nets;night_net_operation=1;dawn_net_operation=1",reviewed_date
2011-11-30,2011-12-02,net_sites,processed_bird_records_front_bush,processed_ringing_workbook,date_range,data/01_raw/external/ngulia_djp/From DJP 2017/Processed birds 2011.xls,Sheet1 Place field,"Each date has processed records with Place=F. F is interpreted as front bush, consistent with the daily-summary site-code legend. Only positive use is materialized.",OH112,2011-11-30,2011-12-02,net_sites_observed=front_bush;dawn_net_operation=1,reviewed_date
2011-12-03,2011-12-03,net_sites,processed_bird_records_front_and_night_nets,processed_ringing_workbook,event_date,data/01_raw/external/ngulia_djp/From DJP 2017/Processed birds 2011.xls,Sheet1 Place field,"Processed records have Place=F and Place=N. F is interpreted as front bush and N as outside night nets, consistent with the daily-summary site-code legend; the annual report independently describes a night net and bush nets on 3 December. Only positive use is materialized.",OH113,2011-12-03,2011-12-03,"net_sites_observed=front_bush,outside_night_nets;night_net_operation=1;dawn_net_operation=1",reviewed_date
2011-12-04,2011-12-04,net_sites,processed_bird_records_front_bush,processed_ringing_workbook,event_date,data/01_raw/external/ngulia_djp/From DJP 2017/Processed birds 2011.xls,Sheet1 Place field,"Processed records have Place=F. F is interpreted as front bush, consistent with the daily-summary site-code legend. Only positive use is materialized.",OH114,2011-12-04,2011-12-04,net_sites_observed=front_bush;dawn_net_operation=1,reviewed_date
